<?xml version="1.0" encoding="UTF-8"?>
<!DOCTYPE dwr PUBLIC "-//GetAhead Limited//DTD Direct Web Remoting 3.0//EN" "http://getahead.org/dwr/dwr30.dtd">

<dwr>

  <allow>

    <!--
    <filter class="com.example.dwr.monitor.MonitoringAjaxFilter"/>
    <filter class="org.directwebremoting.filter.ExtraLatencyAjaxFilter">
      <param name="delay" value="200"/>
    </filter>
    -->

    <!-- intro - for the test on index.html -->
    <create creator="new">
      <param name="class" value="com.example.dwr.simple.Intro"/>
    </create>

    <!-- chat -->
    <create creator="new" scope="application">
      <param name="class" value="com.example.dwr.reverseajax.JavascriptChat"/>
    </create>
    <create creator="new" scope="application">
      <param name="class" value="com.example.dwr.reverseajax.JavaChat"/>
    </create>
    <convert converter="bean" match="com.example.dwr.reverseajax.Message"/>

    <!-- clock -->
    <create creator="new" scope="application">
      <param name="class" value="com.example.dwr.reverseajax.Clock"/>
    </create>
    
    <create creator="new" scope="application">
      <param name="class" value="com.example.dwr.reverseajax.ClockLogging"/>
    </create>
    
    <create creator="new" scope="application">
      <param name="class" value="com.example.dwr.reverseajax.ClockMS"/>
    </create>
    
    <create creator="new" scope="application">
      <param name="class" value="com.example.dwr.reverseajax.PeopleTable"/>
    </create>

    <!-- people -->
    <create creator="new" scope="application">
      <param name="class" value="com.example.dwr.people.People"/>
    </create>
    <convert match="com.example.dwr.people.Person" converter="bean"/>

    <!-- simple text -->
    <create creator="new">
      <param name="class" value="com.example.dwr.simple.Demo"/>
    </create>

    <!-- resources not in this war file: java.util.Date -->
    <create creator="new" javascript="JDate">
      <param name="class" value="java.util.Date"/>
      <exclude method="getHours"/>
      <auth method="getMinutes" role="admin"/>
      <auth method="getMinutes" role="devel"/>
      <filter class="org.directwebremoting.filter.ExtraLatencyAjaxFilter"/>
    </create>

    <!-- an example of how to configure objects without a default constructors
    <create creator="script" javascript="EmailValidator" scope="application">
      <param name="language" value="beanshell"/>
      <param name="script">
        import org.apache.commons.validator.EmailValidator;
        return EmailValidator.getInstance();
      </param>
    </create>
    -->

    <!-- The TIBCO GI Demos - No longer supported.
    <create creator="new" scope="application">
      <param name="class" value="com.example.dwr.gidemo.Publisher"/>
    </create>
    <create creator="new" scope="application">
      <param name="class" value="com.example.dwr.gidemo.Corporations"/>
    </create>
    <convert converter="bean" match="com.example.dwr.gidemo.Corporation"/>
    <create creator="new" scope="application">
      <param name="class" value="com.example.dwr.ticketcenter.CallCenter"/>
    </create>
    <convert converter="bean" match="com.example.dwr.ticketcenter.Call"/>
    <create creator="new" scope="application">
      <param name="class" value="com.example.dwr.reverse.Reverse"/>
    </create>
    -->
    
    <!-- file upload and download -->
    <create creator="new">
      <param name="class" value="com.example.dwr.simple.UploadDownload"/>
    </create>

    <!-- this is a bad idea for live, but can be useful in testing -->
    <convert converter="exception" match="java.lang.Exception"/>
    <convert converter="bean" match="java.lang.StackTraceElement"/>

  </allow>

</dwr>
