<?xml version="1.0" encoding="UTF-8" ?>
<!DOCTYPE log4j:configuration SYSTEM "log4j.dtd">

<log4j:configuration xmlns:log4j="http://jakarta.apache.org/log4j/">
  <appender name="console" class="org.apache.log4j.ConsoleAppender"> 
    <param name="Target" value="System.out"/> 
    <layout class="org.apache.log4j.PatternLayout"> 
      <param name="ConversionPattern" value="%-5p %c{1} - %m%n"/> 
    </layout> 
  </appender>
  
  <!-- All application exceptions/errors will be written here -->  
  <category name="org.directwebremoting.log.accessLog">
     <priority value="INFO"/>
     <appender-ref ref="console" />
  </category>
  
  <!-- All DWR startup information will be written here --> 
  <category name="org.directwebremoting.log.startup">
     <priority value="DEBUG"/>
     <appender-ref ref="console" />
  </category>
  
  <!-- All DWR script information will be written here --> 
  <category name="org.directwebremoting.log.scripts">
     <priority value="DEBUG"/>
     <appender-ref ref="console" />
  </category>
  
  <!-- All DWR session information will be written here --> 
  <category name="org.directwebremoting.log.session">
     <priority value="DEBUG"/>
     <appender-ref ref="console" />
  </category>
  
  <!-- All other messages will be written here, including exceptions internal to DWR -->
  <root>
    <priority value="DEBUG" /> 
    <appender-ref ref="console" />
  </root>

</log4j:configuration>
